,1,2,3,4,5,6,Avg. Err.,Min. Error
1,0.0004,0.0018,0.0001,-0.0005,-0.021,-0.021,-0.0067,-0.021
2,3.5704,-0.0021,-0.0017,-0.0021,-0.0048,-0.0048,0.5924833333333333,-0.0048
3,0.0001,-0.0005,0.0004,0.0018,0.0123,0.0123,0.0044,-0.0005
4,-0.0017,-0.0021,3.5704,-0.0021,6.4499,6.4499,2.74405,-0.0021
