,1,2,3,4,5,6,Avg. Err.,Min. Error
1,80.2113,0.0941,11.4924,28.6807,45.8883,25.2517,31.936416666666666,0.0941
2,11.5185,33.0704,4.4218,14.4496,33.8252,30.9978,21.38055,4.4218
3,0.1121,47.2277,21.4297,27.7977,42.5032,29.2056,28.046,0.1121
4,6.2681,33.8257,25.5599,28.6801,35.694,33.09,27.1863,6.2681
