,1,2,3,4,5,6,Avg. Err.,Min. Error
1,80.2626,-0.0087,14.6256,7.3286,46.395,0.035,24.773016666666667,-0.0087
2,0.0368,0.0332,5.0608,7.3554,9.0438,0.0221,3.592016666666667,0.0221
3,-0.0342,26.8397,10.9759,10.977,46.3921,0.1655,15.886,-0.0342
4,0.041,0.0301,5.3984,11.5008,26.8762,10.806,9.10875,0.0301
